{
  "type": "FeatureCollection",
  "attribution": "© OpenStreetMap contributors",
  "license": "ODbL 1.0 — https://opendatacommons.org/licenses/odbl/1-0/",
  "source": "Overpass API: way[railway=tram] around Hiroshima, named passenger lines only",
  "features": [
    {
      "type": "Feature",
      "id": "hd-1",
      "geometry": {
        "type": "MultiLineString",
        "coordinates": [
          [
            [
              132.432317,
              34.395697
            ],
            [
              132.432398,
              34.395659
            ],
            [
              132.43251,
              34.395607
            ],
            [
              132.433631,
              34.395086
            ],
            [
              132.433738,
              34.395036
            ],
            [
              132.433862,
              34.394979
            ],
            [
              132.434076,
              34.39488
            ],
            [
              132.434394,
              34.394731
            ],
            [
              132.434555,
              34.394658
            ],
            [
              132.434717,
              34.394589
            ],
            [
              132.43494,
              34.394503
            ],
            [
              132.435083,
              34.394452
            ],
            [
              132.43521,
              34.39441
            ],
            [
              132.435346,
              34.394367
            ],
            [
              132.435485,
              34.394329
            ],
            [
              132.435958,
              34.394219
            ],
            [
              132.436074,
              34.394191
            ],
            [
              132.43619,
              34.394164
            ],
            [
              132.436684,
              34.394049
            ],
            [
              132.436851,
              34.394009
            ],
            [
              132.436881,
              34.394004
            ],
            [
              132.437026,
              34.393982
            ],
            [
              132.437137,
              34.39399
            ],
            [
              132.437158,
              34.393995
            ],
            [
              132.437208,
              34.394008
            ],
            [
              132.437226,
              34.394013
            ],
            [
              132.437316,
              34.394047
            ],
            [
              132.437368,
              34.394078
            ],
            [
              132.437415,
              34.394108
            ],
            [
              132.437483,
              34.394175
            ],
            [
              132.437541,
              34.394264
            ],
            [
              132.437631,
              34.394479
            ],
            [
              132.438031,
              34.395406
            ],
            [
              132.438059,
              34.395443
            ],
            [
              132.438084,
              34.395475
            ],
            [
              132.438158,
              34.395539
            ],
            [
              132.438207,
              34.395555
            ],
            [
              132.438235,
              34.395565
            ],
            [
              132.438262,
              34.39557
            ],
            [
              132.438313,
              34.395579
            ],
            [
              132.438391,
              34.395579
            ],
            [
              132.438516,
              34.395559
            ],
            [
              132.43893,
              34.395484
            ],
            [
              132.4393,
              34.395417
            ],
            [
              132.439646,
              34.395354
            ],
            [
              132.440338,
              34.395229
            ],
            [
              132.440517,
              34.395197
            ],
            [
              132.440625,
              34.395177
            ],
            [
              132.440725,
              34.395159
            ],
            [
              132.44185,
              34.394957
            ],
            [
              132.443009,
              34.394748
            ],
            [
              132.443088,
              34.394734
            ],
            [
              132.443175,
              34.394718
            ]
          ],
          [
            [
              132.446314,
              34.394377
            ],
            [
              132.446322,
              34.394486
            ],
            [
              132.446334,
              34.394638
            ],
            [
              132.446345,
              34.39477
            ],
            [
              132.446356,
              34.394899
            ],
            [
              132.446385,
              34.395253
            ],
            [
              132.446399,
              34.395382
            ],
            [
              132.446425,
              34.395524
            ],
            [
              132.446452,
              34.395653
            ],
            [
              132.446484,
              34.39578
            ],
            [
              132.446567,
              34.396032
            ],
            [
              132.446601,
              34.396139
            ],
            [
              132.446625,
              34.396219
            ],
            [
              132.446927,
              34.397136
            ],
            [
              132.446935,
              34.397162
            ]
          ],
          [
            [
              132.470039,
              34.392822
            ],
            [
              132.470096,
              34.392814
            ],
            [
              132.470202,
              34.392799
            ],
            [
              132.470324,
              34.39278
            ],
            [
              132.471192,
              34.392651
            ],
            [
              132.471394,
              34.392619
            ],
            [
              132.471413,
              34.392617
            ]
          ],
          [
            [
              132.4573,
              34.395387
            ],
            [
              132.457578,
              34.395319
            ],
            [
              132.457741,
              34.39528
            ],
            [
              132.458018,
              34.39521
            ]
          ],
          [
            [
              132.428167,
              34.396954
            ],
            [
              132.428199,
              34.396974
            ],
            [
              132.428254,
              34.39701
            ],
            [
              132.428518,
              34.397186
            ],
            [
              132.428559,
              34.397209
            ],
            [
              132.428596,
              34.397226
            ],
            [
              132.428637,
              34.39724
            ],
            [
              132.428682,
              34.397252
            ],
            [
              132.428711,
              34.397259
            ],
            [
              132.428753,
              34.397264
            ],
            [
              132.428796,
              34.397267
            ],
            [
              132.428836,
              34.397267
            ],
            [
              132.428863,
              34.397266
            ],
            [
              132.428895,
              34.397263
            ],
            [
              132.428935,
              34.397256
            ],
            [
              132.42897,
              34.397246
            ],
            [
              132.42899,
              34.397241
            ],
            [
              132.429029,
              34.397227
            ],
            [
              132.42907,
              34.397209
            ],
            [
              132.429093,
              34.397198
            ],
            [
              132.429488,
              34.397013
            ],
            [
              132.429581,
              34.39697
            ],
            [
              132.429663,
              34.396931
            ]
          ],
          [
            [
              132.446935,
              34.397162
            ],
            [
              132.446984,
              34.397251
            ],
            [
              132.447017,
              34.397292
            ],
            [
              132.447043,
              34.397317
            ],
            [
              132.447069,
              34.397333
            ],
            [
              132.447087,
              34.397344
            ],
            [
              132.447114,
              34.397357
            ],
            [
              132.447135,
              34.397364
            ],
            [
              132.447163,
              34.397373
            ],
            [
              132.447192,
              34.397378
            ],
            [
              132.447224,
              34.397382
            ],
            [
              132.447257,
              34.397383
            ],
            [
              132.447308,
              34.397382
            ],
            [
              132.447359,
              34.397376
            ],
            [
              132.44741,
              34.397366
            ]
          ],
          [
            [
              132.458018,
              34.39521
            ],
            [
              132.458615,
              34.395057
            ],
            [
              132.459066,
              34.394942
            ],
            [
              132.459141,
              34.394922
            ],
            [
              132.459217,
              34.394903
            ],
            [
              132.459302,
              34.394881
            ],
            [
              132.459921,
              34.394724
            ],
            [
              132.45999,
              34.394707
            ],
            [
              132.460109,
              34.394675
            ],
            [
              132.460216,
              34.394649
            ],
            [
              132.461141,
              34.394415
            ],
            [
              132.461265,
              34.394384
            ],
            [
              132.461401,
              34.394348
            ],
            [
              132.461598,
              34.394298
            ],
            [
              132.462248,
              34.394133
            ],
            [
              132.462416,
              34.394091
            ],
            [
              132.462593,
              34.394044
            ],
            [
              132.463045,
              34.393927
            ],
            [
              132.463166,
              34.393897
            ],
            [
              132.463291,
              34.393864
            ],
            [
              132.463338,
              34.393851
            ],
            [
              132.463486,
              34.393813
            ],
            [
              132.463557,
              34.393795
            ],
            [
              132.463724,
              34.39375
            ],
            [
              132.464517,
              34.393546
            ],
            [
              132.464686,
              34.393503
            ],
            [
              132.464819,
              34.393472
            ],
            [
              132.464959,
              34.393439
            ],
            [
              132.465108,
              34.393408
            ],
            [
              132.465259,
              34.393378
            ],
            [
              132.465426,
              34.39335
            ],
            [
              132.4656,
              34.39333
            ],
            [
              132.466148,
              34.393288
            ],
            [
              132.466274,
              34.393278
            ],
            [
              132.46692,
              34.39323
            ],
            [
              132.467102,
              34.393216
            ],
            [
              132.467214,
              34.393206
            ],
            [
              132.467505,
              34.393185
            ],
            [
              132.467553,
              34.393181
            ],
            [
              132.467688,
              34.393165
            ],
            [
              132.467826,
              34.393146
            ],
            [
              132.467911,
              34.393135
            ],
            [
              132.468546,
              34.393042
            ],
            [
              132.468653,
              34.393027
            ],
            [
              132.469112,
              34.392959
            ]
          ],
          [
            [
              132.443175,
              34.394718
            ],
            [
              132.443868,
              34.394596
            ]
          ],
          [
            [
              132.443868,
              34.394596
            ],
            [
              132.444011,
              34.394567
            ],
            [
              132.444084,
              34.394554
            ],
            [
              132.444269,
              34.394514
            ],
            [
              132.444917,
              34.394362
            ],
            [
              132.445586,
              34.394206
            ],
            [
              132.445963,
              34.394125
            ],
            [
              132.446039,
              34.394118
            ],
            [
              132.446063,
              34.39412
            ],
            [
              132.446089,
              34.394123
            ],
            [
              132.446117,
              34.394129
            ],
            [
              132.446157,
              34.394146
            ],
            [
              132.446205,
              34.394169
            ],
            [
              132.446232,
              34.39419
            ],
            [
              132.446264,
              34.394231
            ],
            [
              132.446291,
              34.394276
            ],
            [
              132.446305,
              34.394325
            ],
            [
              132.446314,
              34.394377
            ]
          ],
          [
            [
              132.451878,
              34.396649
            ],
            [
              132.453164,
              34.396351
            ]
          ],
          [
            [
              132.453164,
              34.396351
            ],
            [
              132.453799,
              34.396202
            ],
            [
              132.454117,
              34.396126
            ],
            [
              132.45438,
              34.396064
            ],
            [
              132.454501,
              34.396036
            ],
            [
              132.454845,
              34.395955
            ],
            [
              132.455062,
              34.395904
            ],
            [
              132.455398,
              34.395827
            ],
            [
              132.455504,
              34.395801
            ],
            [
              132.455603,
              34.395778
            ],
            [
              132.456361,
              34.395602
            ],
            [
              132.456443,
              34.395583
            ],
            [
              132.456525,
              34.395563
            ],
            [
              132.456828,
              34.395495
            ],
            [
              132.45711,
              34.395427
            ],
            [
              132.4573,
              34.395387
            ]
          ],
          [
            [
              132.469112,
              34.392959
            ],
            [
              132.470039,
              34.392822
            ]
          ],
          [
            [
              132.429663,
              34.396931
            ],
            [
              132.432317,
              34.395697
            ]
          ],
          [
            [
              132.44741,
              34.397366
            ],
            [
              132.447646,
              34.397327
            ],
            [
              132.447901,
              34.397284
            ],
            [
              132.447976,
              34.397271
            ],
            [
              132.448131,
              34.397247
            ],
            [
              132.44925,
              34.397072
            ],
            [
              132.449385,
              34.397051
            ],
            [
              132.450176,
              34.396927
            ],
            [
              132.450314,
              34.396906
            ],
            [
              132.450561,
              34.396868
            ],
            [
              132.451598,
              34.396706
            ],
            [
              132.451643,
              34.396697
            ],
            [
              132.451714,
              34.396684
            ],
            [
              132.451816,
              34.396664
            ],
            [
              132.451878,
              34.396649
            ]
          ],
          [
            [
              132.451868,
              34.396619
            ],
            [
              132.451806,
              34.396633
            ],
            [
              132.451704,
              34.396657
            ],
            [
              132.451635,
              34.39667
            ],
            [
              132.451589,
              34.396678
            ],
            [
              132.450427,
              34.396863
            ],
            [
              132.450308,
              34.39688
            ],
            [
              132.450169,
              34.396901
            ],
            [
              132.449377,
              34.397025
            ],
            [
              132.449244,
              34.397046
            ],
            [
              132.448124,
              34.397222
            ],
            [
              132.447969,
              34.397245
            ],
            [
              132.44756,
              34.397312
            ],
            [
              132.447402,
              34.397338
            ]
          ],
          [
            [
              132.469105,
              34.392931
            ],
            [
              132.468646,
              34.393
            ],
            [
              132.468539,
              34.393015
            ],
            [
              132.467906,
              34.393109
            ],
            [
              132.467821,
              34.393121
            ],
            [
              132.467679,
              34.393139
            ],
            [
              132.467548,
              34.393153
            ],
            [
              132.467502,
              34.393157
            ],
            [
              132.467206,
              34.39318
            ],
            [
              132.467099,
              34.393191
            ],
            [
              132.466924,
              34.393204
            ],
            [
              132.46627,
              34.393251
            ],
            [
              132.466138,
              34.393262
            ],
            [
              132.465611,
              34.393302
            ],
            [
              132.465427,
              34.393322
            ],
            [
              132.465253,
              34.393351
            ],
            [
              132.465117,
              34.393377
            ],
            [
              132.46495,
              34.393414
            ],
            [
              132.46481,
              34.393445
            ],
            [
              132.464676,
              34.393478
            ],
            [
              132.463968,
              34.393659
            ],
            [
              132.463714,
              34.393724
            ],
            [
              132.463535,
              34.393771
            ],
            [
              132.463489,
              34.393781
            ],
            [
              132.46328,
              34.393836
            ],
            [
              132.463186,
              34.39386
            ],
            [
              132.462584,
              34.39402
            ],
            [
              132.462412,
              34.394063
            ],
            [
              132.462239,
              34.394108
            ],
            [
              132.461392,
              34.394324
            ],
            [
              132.461259,
              34.394357
            ],
            [
              132.461132,
              34.39439
            ],
            [
              132.460935,
              34.39444
            ],
            [
              132.460206,
              34.394624
            ],
            [
              132.460099,
              34.39465
            ],
            [
              132.459981,
              34.394681
            ],
            [
              132.459913,
              34.394699
            ],
            [
              132.459295,
              34.394855
            ],
            [
              132.459209,
              34.394878
            ],
            [
              132.459131,
              34.394895
            ],
            [
              132.459055,
              34.394916
            ],
            [
              132.458596,
              34.395032
            ],
            [
              132.45801,
              34.395181
            ]
          ],
          [
            [
              132.470033,
              34.392795
            ],
            [
              132.469105,
              34.392931
            ]
          ],
          [
            [
              132.453164,
              34.396318
            ],
            [
              132.451868,
              34.396619
            ]
          ],
          [
            [
              132.45801,
              34.395181
            ],
            [
              132.457815,
              34.395231
            ],
            [
              132.45773,
              34.395253
            ],
            [
              132.457568,
              34.395291
            ],
            [
              132.457481,
              34.395312
            ],
            [
              132.457288,
              34.395357
            ]
          ],
          [
            [
              132.457288,
              34.395357
            ],
            [
              132.456814,
              34.395468
            ],
            [
              132.456517,
              34.395538
            ],
            [
              132.456434,
              34.395557
            ],
            [
              132.456352,
              34.395577
            ],
            [
              132.455592,
              34.395753
            ],
            [
              132.455492,
              34.395776
            ],
            [
              132.455388,
              34.3958
            ],
            [
              132.455054,
              34.395879
            ],
            [
              132.454492,
              34.396012
            ],
            [
              132.454371,
              34.396039
            ],
            [
              132.454115,
              34.396099
            ],
            [
              132.453789,
              34.396175
            ],
            [
              132.453164,
              34.396318
            ]
          ],
          [
            [
              132.447402,
              34.397338
            ],
            [
              132.44735,
              34.397343
            ],
            [
              132.447283,
              34.397346
            ],
            [
              132.447218,
              34.39734
            ],
            [
              132.447177,
              34.397331
            ],
            [
              132.447136,
              34.397318
            ],
            [
              132.447114,
              34.397308
            ],
            [
              132.447098,
              34.397299
            ],
            [
              132.447066,
              34.397276
            ],
            [
              132.447037,
              34.397252
            ],
            [
              132.446994,
              34.397203
            ],
            [
              132.446966,
              34.397143
            ]
          ],
          [
            [
              132.446966,
              34.397143
            ],
            [
              132.446962,
              34.39713
            ],
            [
              132.446899,
              34.396933
            ],
            [
              132.446658,
              34.396212
            ],
            [
              132.446632,
              34.396133
            ],
            [
              132.446597,
              34.396026
            ],
            [
              132.446515,
              34.395775
            ],
            [
              132.446484,
              34.395646
            ],
            [
              132.446456,
              34.395518
            ],
            [
              132.446432,
              34.395376
            ],
            [
              132.446417,
              34.395254
            ],
            [
              132.446388,
              34.394897
            ],
            [
              132.446375,
              34.394763
            ],
            [
              132.446367,
              34.394636
            ],
            [
              132.446355,
              34.394489
            ],
            [
              132.446342,
              34.394331
            ]
          ],
          [
            [
              132.428005,
              34.396812
            ],
            [
              132.427843,
              34.396706
            ],
            [
              132.427777,
              34.396662
            ],
            [
              132.4274,
              34.396415
            ]
          ],
          [
            [
              132.429647,
              34.396908
            ],
            [
              132.429564,
              34.396946
            ],
            [
              132.429473,
              34.396991
            ],
            [
              132.429076,
              34.397172
            ],
            [
              132.429054,
              34.397181
            ],
            [
              132.429014,
              34.397196
            ],
            [
              132.428974,
              34.397208
            ],
            [
              132.42893,
              34.397218
            ],
            [
              132.428891,
              34.397224
            ],
            [
              132.428875,
              34.397225
            ],
            [
              132.428834,
              34.397227
            ],
            [
              132.428796,
              34.397228
            ],
            [
              132.428754,
              34.397225
            ],
            [
              132.428711,
              34.397218
            ],
            [
              132.428691,
              34.397214
            ],
            [
              132.428637,
              34.3972
            ],
            [
              132.42858,
              34.397179
            ],
            [
              132.428536,
              34.397156
            ],
            [
              132.428346,
              34.397035
            ],
            [
              132.428221,
              34.396954
            ],
            [
              132.428189,
              34.396932
            ]
          ],
          [
            [
              132.4742,
              34.395608
            ],
            [
              132.473773,
              34.395078
            ],
            [
              132.473745,
              34.395041
            ]
          ],
          [
            [
              132.473717,
              34.395058
            ],
            [
              132.473744,
              34.395094
            ],
            [
              132.474167,
              34.395626
            ]
          ],
          [
            [
              132.4752,
              34.397009
            ],
            [
              132.475064,
              34.396844
            ],
            [
              132.474974,
              34.396735
            ]
          ],
          [
            [
              132.47512,
              34.396655
            ],
            [
              132.475214,
              34.396769
            ],
            [
              132.475344,
              34.396928
            ]
          ],
          [
            [
              132.474628,
              34.396207
            ],
            [
              132.474701,
              34.396268
            ],
            [
              132.474775,
              34.396329
            ]
          ],
          [
            [
              132.474741,
              34.396349
            ],
            [
              132.474701,
              34.396268
            ],
            [
              132.474662,
              34.396188
            ]
          ],
          [
            [
              132.474828,
              34.396453
            ],
            [
              132.47503,
              34.396704
            ]
          ],
          [
            [
              132.475066,
              34.396684
            ],
            [
              132.475158,
              34.396797
            ],
            [
              132.47529,
              34.396958
            ]
          ],
          [
            [
              132.471413,
              34.392617
            ],
            [
              132.471469,
              34.392611
            ],
            [
              132.471525,
              34.392611
            ],
            [
              132.471564,
              34.392614
            ],
            [
              132.471604,
              34.39262
            ],
            [
              132.471661,
              34.392637
            ],
            [
              132.471675,
              34.392643
            ],
            [
              132.471715,
              34.39266
            ],
            [
              132.47176,
              34.392689
            ],
            [
              132.471769,
              34.392694
            ],
            [
              132.471813,
              34.392736
            ],
            [
              132.4719,
              34.392845
            ]
          ],
          [
            [
              132.47194,
              34.392837
            ],
            [
              132.471843,
              34.392713
            ],
            [
              132.471821,
              34.392692
            ],
            [
              132.471802,
              34.392674
            ],
            [
              132.471771,
              34.392649
            ],
            [
              132.471739,
              34.392628
            ],
            [
              132.471693,
              34.392608
            ],
            [
              132.471655,
              34.392596
            ],
            [
              132.471645,
              34.392592
            ],
            [
              132.4716,
              34.392582
            ],
            [
              132.471554,
              34.392578
            ],
            [
              132.471517,
              34.392576
            ],
            [
              132.47148,
              34.392579
            ],
            [
              132.471406,
              34.392587
            ]
          ],
          [
            [
              132.427587,
              34.396654
            ],
            [
              132.427812,
              34.396752
            ],
            [
              132.427878,
              34.396775
            ],
            [
              132.427905,
              34.396783
            ],
            [
              132.427937,
              34.396793
            ],
            [
              132.428005,
              34.396812
            ],
            [
              132.428094,
              34.39687
            ]
          ],
          [
            [
              132.428189,
              34.396932
            ],
            [
              132.428094,
              34.39687
            ]
          ],
          [
            [
              132.428094,
              34.39687
            ],
            [
              132.428129,
              34.396911
            ],
            [
              132.428167,
              34.396954
            ]
          ],
          [
            [
              132.474662,
              34.396188
            ],
            [
              132.474631,
              34.396145
            ]
          ],
          [
            [
              132.474631,
              34.396145
            ],
            [
              132.4742,
              34.395608
            ]
          ],
          [
            [
              132.474167,
              34.395626
            ],
            [
              132.474595,
              34.396164
            ]
          ],
          [
            [
              132.474595,
              34.396164
            ],
            [
              132.474628,
              34.396207
            ]
          ],
          [
            [
              132.471406,
              34.392587
            ],
            [
              132.471392,
              34.392589
            ],
            [
              132.470317,
              34.392754
            ],
            [
              132.470199,
              34.39277
            ],
            [
              132.47009,
              34.392787
            ],
            [
              132.470033,
              34.392795
            ]
          ],
          [
            [
              132.4719,
              34.392845
            ],
            [
              132.471919,
              34.392868
            ],
            [
              132.472521,
              34.393618
            ],
            [
              132.472664,
              34.393782
            ],
            [
              132.47286,
              34.394004
            ],
            [
              132.472934,
              34.394087
            ],
            [
              132.472953,
              34.39411
            ],
            [
              132.473051,
              34.394228
            ],
            [
              132.473084,
              34.394269
            ],
            [
              132.473459,
              34.39474
            ],
            [
              132.473604,
              34.394917
            ],
            [
              132.473717,
              34.395058
            ]
          ],
          [
            [
              132.473745,
              34.395041
            ],
            [
              132.473633,
              34.3949
            ],
            [
              132.473492,
              34.394723
            ],
            [
              132.473117,
              34.39425
            ],
            [
              132.473085,
              34.394211
            ],
            [
              132.472986,
              34.394092
            ],
            [
              132.472967,
              34.394069
            ],
            [
              132.472867,
              34.393957
            ],
            [
              132.472645,
              34.393707
            ],
            [
              132.472472,
              34.393498
            ],
            [
              132.472197,
              34.393155
            ],
            [
              132.471983,
              34.39289
            ],
            [
              132.471958,
              34.39286
            ],
            [
              132.47194,
              34.392837
            ]
          ],
          [
            [
              132.474775,
              34.396329
            ],
            [
              132.474862,
              34.396435
            ]
          ],
          [
            [
              132.474662,
              34.396188
            ],
            [
              132.474775,
              34.396329
            ]
          ],
          [
            [
              132.474741,
              34.396349
            ],
            [
              132.474828,
              34.396453
            ]
          ],
          [
            [
              132.474628,
              34.396207
            ],
            [
              132.474741,
              34.396349
            ]
          ],
          [
            [
              132.474974,
              34.396735
            ],
            [
              132.474944,
              34.396699
            ],
            [
              132.474905,
              34.396628
            ],
            [
              132.474875,
              34.396541
            ],
            [
              132.474828,
              34.396453
            ]
          ],
          [
            [
              132.47503,
              34.396704
            ],
            [
              132.475082,
              34.396769
            ],
            [
              132.475111,
              34.396806
            ]
          ],
          [
            [
              132.474862,
              34.396435
            ],
            [
              132.475066,
              34.396684
            ]
          ],
          [
            [
              132.474862,
              34.396435
            ],
            [
              132.474942,
              34.396508
            ],
            [
              132.475023,
              34.396558
            ],
            [
              132.475084,
              34.396611
            ],
            [
              132.47512,
              34.396655
            ]
          ]
        ]
      },
      "properties": {
        "name": "広島電鉄本線",
        "operator": "広島電鉄",
        "osm_ways": 52
      }
    },
    {
      "type": "Feature",
      "id": "hd-2",
      "geometry": {
        "type": "MultiLineString",
        "coordinates": [
          [
            [
              132.4573,
              34.395387
            ],
            [
              132.457398,
              34.395358
            ],
            [
              132.457443,
              34.395337
            ],
            [
              132.457481,
              34.395312
            ],
            [
              132.457507,
              34.39529
            ],
            [
              132.457536,
              34.39526
            ],
            [
              132.45755,
              34.395242
            ],
            [
              132.457567,
              34.395212
            ],
            [
              132.457576,
              34.395193
            ],
            [
              132.457585,
              34.395162
            ],
            [
              132.457591,
              34.395132
            ],
            [
              132.457593,
              34.395114
            ],
            [
              132.457566,
              34.394985
            ]
          ],
          [
            [
              132.464314,
              34.374126
            ],
            [
              132.464403,
              34.374138
            ],
            [
              132.464492,
              34.374173
            ],
            [
              132.46457,
              34.374229
            ],
            [
              132.464625,
              34.374302
            ]
          ],
          [
            [
              132.464579,
              34.373866
            ],
            [
              132.464575,
              34.373773
            ],
            [
              132.464548,
              34.372996
            ],
            [
              132.46453,
              34.372503
            ],
            [
              132.464531,
              34.372338
            ],
            [
              132.464584,
              34.371777
            ],
            [
              132.464588,
              34.371734
            ],
            [
              132.464603,
              34.371565
            ],
            [
              132.464612,
              34.371457
            ],
            [
              132.464798,
              34.36954
            ],
            [
              132.464812,
              34.369393
            ],
            [
              132.464817,
              34.369346
            ],
            [
              132.464818,
              34.369183
            ],
            [
              132.464794,
              34.368928
            ],
            [
              132.464772,
              34.368698
            ],
            [
              132.464732,
              34.368274
            ],
            [
              132.464716,
              34.368103
            ],
            [
              132.464555,
              34.366379
            ],
            [
              132.464543,
              34.366248
            ],
            [
              132.46453,
              34.366112
            ],
            [
              132.464474,
              34.365496
            ],
            [
              132.464367,
              34.364314
            ],
            [
              132.464361,
              34.364225
            ],
            [
              132.464352,
              34.364132
            ],
            [
              132.464058,
              34.360824
            ],
            [
              132.464004,
              34.360218
            ],
            [
              132.463994,
              34.360106
            ],
            [
              132.463832,
              34.358299
            ],
            [
              132.463823,
              34.358209
            ],
            [
              132.463812,
              34.35809
            ],
            [
              132.463762,
              34.357562
            ],
            [
              132.463734,
              34.357425
            ],
            [
              132.463689,
              34.357299
            ],
            [
              132.463647,
              34.357191
            ],
            [
              132.463108,
              34.355821
            ],
            [
              132.463104,
              34.355809
            ],
            [
              132.463046,
              34.355643
            ],
            [
              132.463039,
              34.355598
            ],
            [
              132.463036,
              34.355551
            ],
            [
              132.463034,
              34.355508
            ],
            [
              132.463032,
              34.355474
            ],
            [
              132.463021,
              34.355244
            ],
            [
              132.463016,
              34.355082
            ],
            [
              132.463009,
              34.354753
            ],
            [
              132.462997,
              34.354412
            ],
            [
              132.462991,
              34.354255
            ],
            [
              132.462988,
              34.35417
            ],
            [
              132.462978,
              34.35411
            ],
            [
              132.462958,
              34.354056
            ],
            [
              132.462903,
              34.353987
            ],
            [
              132.462829,
              34.353938
            ],
            [
              132.462734,
              34.353906
            ],
            [
              132.462628,
              34.353895
            ],
            [
              132.461706,
              34.353907
            ],
            [
              132.461564,
              34.353909
            ],
            [
              132.460362,
              34.353924
            ],
            [
              132.46014,
              34.353934
            ],
            [
              132.460109,
              34.353935
            ],
            [
              132.45996,
              34.353942
            ],
            [
              132.459763,
              34.353953
            ],
            [
              132.459023,
              34.354002
            ],
            [
              132.457979,
              34.354072
            ],
            [
              132.457925,
              34.354075
            ],
            [
              132.457898,
              34.354076
            ],
            [
              132.457813,
              34.35407
            ],
            [
              132.457751,
              34.354047
            ],
            [
              132.457744,
              34.354042
            ],
            [
              132.457682,
              34.353999
            ],
            [
              132.457638,
              34.353959
            ],
            [
              132.457596,
              34.353896
            ],
            [
              132.457387,
              34.353305
            ],
            [
              132.457339,
              34.353159
            ],
            [
              132.45713,
              34.352531
            ],
            [
              132.45709,
              34.352452
            ],
            [
              132.457037,
              34.352395
            ],
            [
              132.45697,
              34.352348
            ],
            [
              132.456893,
              34.352317
            ],
            [
              132.456809,
              34.352307
            ],
            [
              132.456712,
              34.352317
            ],
            [
              132.456592,
              34.352347
            ],
            [
              132.456379,
              34.352401
            ]
          ],
          [
            [
              132.464314,
              34.374126
            ],
            [
              132.464379,
              34.374099
            ],
            [
              132.464425,
              34.37408
            ],
            [
              132.464506,
              34.374023
            ],
            [
              132.464539,
              34.373981
            ],
            [
              132.464545,
              34.373974
            ],
            [
              132.464569,
              34.373924
            ],
            [
              132.464579,
              34.373866
            ]
          ],
          [
            [
              132.457566,
              34.394985
            ],
            [
              132.457227,
              34.394031
            ],
            [
              132.45716,
              34.393841
            ],
            [
              132.457106,
              34.393689
            ],
            [
              132.457078,
              34.393609
            ],
            [
              132.457054,
              34.393535
            ],
            [
              132.456795,
              34.392767
            ],
            [
              132.456757,
              34.392651
            ],
            [
              132.456709,
              34.392507
            ],
            [
              132.456386,
              34.391549
            ],
            [
              132.456363,
              34.391481
            ],
            [
              132.456332,
              34.391387
            ],
            [
              132.456301,
              34.391296
            ],
            [
              132.455874,
              34.390021
            ],
            [
              132.455852,
              34.389958
            ],
            [
              132.455799,
              34.389806
            ],
            [
              132.455747,
              34.389642
            ],
            [
              132.455338,
              34.388471
            ],
            [
              132.455318,
              34.388406
            ],
            [
              132.455275,
              34.388282
            ],
            [
              132.454988,
              34.38745
            ],
            [
              132.45495,
              34.387342
            ],
            [
              132.454912,
              34.38723
            ],
            [
              132.454543,
              34.386174
            ],
            [
              132.454514,
              34.386085
            ],
            [
              132.45448,
              34.385991
            ],
            [
              132.454426,
              34.385819
            ],
            [
              132.454106,
              34.384901
            ],
            [
              132.454049,
              34.384735
            ],
            [
              132.454002,
              34.384602
            ],
            [
              132.453959,
              34.384479
            ],
            [
              132.453791,
              34.383996
            ],
            [
              132.453746,
              34.383864
            ],
            [
              132.453731,
              34.383795
            ],
            [
              132.453725,
              34.383714
            ],
            [
              132.453747,
              34.383648
            ],
            [
              132.45377,
              34.38361
            ],
            [
              132.453783,
              34.383589
            ],
            [
              132.453827,
              34.383545
            ],
            [
              132.453875,
              34.383508
            ],
            [
              132.453909,
              34.383489
            ],
            [
              132.453988,
              34.383445
            ],
            [
              132.454071,
              34.383376
            ],
            [
              132.454136,
              34.383303
            ],
            [
              132.454266,
              34.383118
            ],
            [
              132.454351,
              34.383
            ],
            [
              132.454415,
              34.382911
            ],
            [
              132.454507,
              34.382784
            ],
            [
              132.454872,
              34.382278
            ],
            [
              132.455308,
              34.381678
            ],
            [
              132.455516,
              34.381384
            ],
            [
              132.455773,
              34.381035
            ],
            [
              132.455888,
              34.380876
            ],
            [
              132.456472,
              34.380076
            ],
            [
              132.456587,
              34.379896
            ],
            [
              132.456632,
              34.379825
            ],
            [
              132.457021,
              34.379219
            ],
            [
              132.457202,
              34.378936
            ],
            [
              132.457286,
              34.378806
            ],
            [
              132.457373,
              34.37867
            ],
            [
              132.457751,
              34.37808
            ],
            [
              132.457844,
              34.377935
            ],
            [
              132.457954,
              34.37776
            ],
            [
              132.458143,
              34.377461
            ]
          ],
          [
            [
              132.455094,
              34.352775
            ],
            [
              132.455142,
              34.352762
            ]
          ],
          [
            [
              132.461839,
              34.374611
            ],
            [
              132.462124,
              34.374571
            ],
            [
              132.46236,
              34.374553
            ],
            [
              132.462548,
              34.374533
            ],
            [
              132.462872,
              34.374472
            ],
            [
              132.4632,
              34.374393
            ],
            [
              132.464168,
              34.374159
            ],
            [
              132.464273,
              34.374136
            ],
            [
              132.464314,
              34.374126
            ]
          ],
          [
            [
              132.460209,
              34.375008
            ],
            [
              132.461839,
              34.374611
            ]
          ],
          [
            [
              132.457531,
              34.394991
            ],
            [
              132.457548,
              34.395065
            ],
            [
              132.457549,
              34.395098
            ],
            [
              132.457547,
              34.39513
            ],
            [
              132.457537,
              34.395161
            ],
            [
              132.457529,
              34.395182
            ],
            [
              132.457502,
              34.395227
            ],
            [
              132.457484,
              34.39525
            ],
            [
              132.457462,
              34.395272
            ],
            [
              132.457421,
              34.395306
            ],
            [
              132.45736,
              34.395335
            ],
            [
              132.457288,
              34.395357
            ]
          ],
          [
            [
              132.461831,
              34.374589
            ],
            [
              132.460201,
              34.374985
            ]
          ],
          [
            [
              132.460201,
              34.374985
            ],
            [
              132.460052,
              34.375029
            ],
            [
              132.459925,
              34.375086
            ],
            [
              132.459797,
              34.375163
            ],
            [
              132.4597,
              34.375244
            ],
            [
              132.459613,
              34.375353
            ],
            [
              132.459393,
              34.375664
            ],
            [
              132.459268,
              34.375841
            ],
            [
              132.458665,
              34.376673
            ],
            [
              132.458327,
              34.377147
            ],
            [
              132.458227,
              34.377283
            ],
            [
              132.458112,
              34.377449
            ]
          ],
          [
            [
              132.455129,
              34.352724
            ],
            [
              132.455079,
              34.352737
            ]
          ],
          [
            [
              132.458112,
              34.377449
            ],
            [
              132.457922,
              34.37775
            ],
            [
              132.457622,
              34.378225
            ],
            [
              132.457345,
              34.378658
            ],
            [
              132.457253,
              34.378802
            ],
            [
              132.457175,
              34.378924
            ],
            [
              132.456995,
              34.379207
            ],
            [
              132.456604,
              34.379813
            ],
            [
              132.456558,
              34.379885
            ],
            [
              132.456445,
              34.380061
            ],
            [
              132.455802,
              34.380951
            ],
            [
              132.45575,
              34.381023
            ],
            [
              132.455506,
              34.381347
            ],
            [
              132.45528,
              34.381662
            ],
            [
              132.454844,
              34.382263
            ],
            [
              132.454533,
              34.382695
            ],
            [
              132.454479,
              34.38277
            ],
            [
              132.454387,
              34.382897
            ],
            [
              132.454323,
              34.382985
            ],
            [
              132.454142,
              34.383236
            ],
            [
              132.454068,
              34.383326
            ],
            [
              132.454007,
              34.383386
            ],
            [
              132.453936,
              34.383439
            ],
            [
              132.453868,
              34.383481
            ],
            [
              132.453805,
              34.383521
            ],
            [
              132.453757,
              34.383564
            ],
            [
              132.453742,
              34.383578
            ],
            [
              132.453712,
              34.38362
            ],
            [
              132.453686,
              34.383688
            ],
            [
              132.453684,
              34.383745
            ],
            [
              132.453704,
              34.383843
            ],
            [
              132.453762,
              34.383999
            ],
            [
              132.453931,
              34.384485
            ],
            [
              132.453974,
              34.384608
            ],
            [
              132.454021,
              34.384742
            ],
            [
              132.454079,
              34.384908
            ],
            [
              132.45445,
              34.385998
            ],
            [
              132.454482,
              34.386092
            ],
            [
              132.454513,
              34.386181
            ],
            [
              132.454578,
              34.386369
            ],
            [
              132.454881,
              34.387237
            ],
            [
              132.454919,
              34.387349
            ],
            [
              132.454956,
              34.387458
            ],
            [
              132.455245,
              34.388289
            ],
            [
              132.455288,
              34.388413
            ],
            [
              132.455362,
              34.38862
            ],
            [
              132.455716,
              34.38965
            ],
            [
              132.455767,
              34.389814
            ],
            [
              132.455818,
              34.389966
            ],
            [
              132.455839,
              34.390028
            ],
            [
              132.456253,
              34.391248
            ],
            [
              132.45627,
              34.391303
            ],
            [
              132.456301,
              34.391395
            ],
            [
              132.456332,
              34.391488
            ],
            [
              132.456677,
              34.392514
            ],
            [
              132.456726,
              34.392658
            ],
            [
              132.456765,
              34.392775
            ],
            [
              132.456985,
              34.393429
            ],
            [
              132.457023,
              34.393542
            ],
            [
              132.457049,
              34.393619
            ],
            [
              132.457076,
              34.393696
            ],
            [
              132.457531,
              34.394991
            ]
          ],
          [
            [
              132.456393,
              34.352435
            ],
            [
              132.456599,
              34.352383
            ],
            [
              132.45673,
              34.352347
            ],
            [
              132.456807,
              34.352347
            ],
            [
              132.456882,
              34.352365
            ],
            [
              132.456946,
              34.352394
            ],
            [
              132.457007,
              34.352432
            ],
            [
              132.457052,
              34.352479
            ],
            [
              132.457089,
              34.352544
            ],
            [
              132.457306,
              34.353168
            ],
            [
              132.457354,
              34.353307
            ],
            [
              132.457562,
              34.353904
            ],
            [
              132.457603,
              34.353976
            ],
            [
              132.457693,
              34.354047
            ],
            [
              132.45772,
              34.354069
            ],
            [
              132.457801,
              34.354097
            ],
            [
              132.457892,
              34.354101
            ],
            [
              132.457928,
              34.354099
            ],
            [
              132.457984,
              34.354096
            ],
            [
              132.459026,
              34.354027
            ],
            [
              132.45973,
              34.35398
            ],
            [
              132.459961,
              34.353967
            ],
            [
              132.46014,
              34.35396
            ],
            [
              132.460356,
              34.353951
            ],
            [
              132.461564,
              34.353933
            ],
            [
              132.461706,
              34.353932
            ],
            [
              132.462628,
              34.353918
            ],
            [
              132.462723,
              34.353932
            ],
            [
              132.462813,
              34.353966
            ],
            [
              132.462877,
              34.354009
            ],
            [
              132.462924,
              34.354066
            ],
            [
              132.462942,
              34.354109
            ],
            [
              132.462952,
              34.354153
            ],
            [
              132.462962,
              34.354253
            ],
            [
              132.462968,
              34.354412
            ],
            [
              132.462982,
              34.354929
            ],
            [
              132.462987,
              34.355083
            ],
            [
              132.462993,
              34.355245
            ],
            [
              132.463001,
              34.355475
            ],
            [
              132.463002,
              34.355508
            ],
            [
              132.463005,
              34.355564
            ],
            [
              132.46301,
              34.355604
            ],
            [
              132.463017,
              34.355643
            ],
            [
              132.463029,
              34.355688
            ],
            [
              132.463075,
              34.355817
            ],
            [
              132.463082,
              34.355836
            ],
            [
              132.463618,
              34.357199
            ],
            [
              132.463658,
              34.3573
            ],
            [
              132.463703,
              34.357427
            ],
            [
              132.463732,
              34.357562
            ],
            [
              132.463769,
              34.357958
            ],
            [
              132.463781,
              34.358092
            ],
            [
              132.463792,
              34.358212
            ],
            [
              132.463947,
              34.359967
            ],
            [
              132.46395,
              34.36
            ],
            [
              132.46396,
              34.360109
            ],
            [
              132.46397,
              34.360221
            ],
            [
              132.464311,
              34.364047
            ],
            [
              132.46432,
              34.364134
            ],
            [
              132.464329,
              34.364227
            ],
            [
              132.464459,
              34.365675
            ],
            [
              132.464487,
              34.365984
            ],
            [
              132.464501,
              34.366113
            ],
            [
              132.464513,
              34.366249
            ],
            [
              132.464686,
              34.368105
            ],
            [
              132.464702,
              34.368276
            ],
            [
              132.464749,
              34.368801
            ],
            [
              132.464762,
              34.368929
            ],
            [
              132.464787,
              34.369182
            ],
            [
              132.464787,
              34.369344
            ],
            [
              132.464783,
              34.369393
            ],
            [
              132.464769,
              34.369538
            ],
            [
              132.464578,
              34.371564
            ],
            [
              132.464562,
              34.371733
            ],
            [
              132.464553,
              34.371834
            ],
            [
              132.464504,
              34.372336
            ],
            [
              132.464497,
              34.372498
            ],
            [
              132.464512,
              34.372996
            ],
            [
              132.464529,
              34.373565
            ],
            [
              132.464533,
              34.373773
            ],
            [
              132.464536,
              34.373866
            ]
          ],
          [
            [
              132.464536,
              34.373866
            ],
            [
              132.464515,
              34.373936
            ],
            [
              132.46448,
              34.373989
            ],
            [
              132.464406,
              34.374049
            ],
            [
              132.4643,
              34.374097
            ]
          ],
          [
            [
              132.464536,
              34.373866
            ],
            [
              132.464536,
              34.373947
            ],
            [
              132.464539,
              34.373981
            ],
            [
              132.464548,
              34.374083
            ],
            [
              132.464571,
              34.374176
            ],
            [
              132.464583,
              34.374211
            ],
            [
              132.464625,
              34.374302
            ]
          ],
          [
            [
              132.458143,
              34.377461
            ],
            [
              132.458254,
              34.3773
            ],
            [
              132.458354,
              34.377159
            ],
            [
              132.458832,
              34.376494
            ],
            [
              132.45937,
              34.375748
            ],
            [
              132.459419,
              34.375678
            ],
            [
              132.459612,
              34.375401
            ],
            [
              132.459716,
              34.375266
            ],
            [
              132.459824,
              34.375178
            ],
            [
              132.459951,
              34.3751
            ],
            [
              132.460085,
              34.375041
            ],
            [
              132.460209,
              34.375008
            ]
          ],
          [
            [
              132.4643,
              34.374097
            ],
            [
              132.464261,
              34.374106
            ],
            [
              132.46409,
              34.37415
            ],
            [
              132.464006,
              34.37417
            ],
            [
              132.463193,
              34.374368
            ],
            [
              132.462864,
              34.374449
            ],
            [
              132.462545,
              34.374507
            ],
            [
              132.462359,
              34.374529
            ],
            [
              132.462117,
              34.37455
            ],
            [
              132.461831,
              34.374589
            ]
          ],
          [
            [
              132.456379,
              34.352401
            ],
            [
              132.455972,
              34.352506
            ],
            [
              132.455129,
              34.352724
            ]
          ],
          [
            [
              132.455142,
              34.352762
            ],
            [
              132.455986,
              34.352544
            ],
            [
              132.456239,
              34.352479
            ],
            [
              132.456393,
              34.352435
            ]
          ]
        ]
      },
      "properties": {
        "name": "広島電鉄宇品線",
        "operator": "広島電鉄",
        "osm_ways": 20
      }
    },
    {
      "type": "Feature",
      "id": "hd-3",
      "geometry": {
        "type": "MultiLineString",
        "coordinates": [
          [
            [
              132.435542,
              34.372167
            ],
            [
              132.435582,
              34.372196
            ]
          ],
          [
            [
              132.445173,
              34.389665
            ],
            [
              132.445306,
              34.389938
            ],
            [
              132.44541,
              34.390174
            ],
            [
              132.445445,
              34.390253
            ],
            [
              132.445488,
              34.390349
            ],
            [
              132.445512,
              34.390404
            ],
            [
              132.445665,
              34.390828
            ],
            [
              132.445748,
              34.391082
            ],
            [
              132.445782,
              34.391196
            ],
            [
              132.445806,
              34.391284
            ],
            [
              132.445864,
              34.391523
            ],
            [
              132.445937,
              34.391837
            ],
            [
              132.445972,
              34.392013
            ],
            [
              132.446005,
              34.392148
            ],
            [
              132.446036,
              34.392285
            ],
            [
              132.446096,
              34.392578
            ],
            [
              132.446195,
              34.393183
            ],
            [
              132.446228,
              34.393443
            ],
            [
              132.446236,
              34.393531
            ],
            [
              132.446255,
              34.39373
            ],
            [
              132.446264,
              34.393824
            ],
            [
              132.446272,
              34.393902
            ],
            [
              132.446284,
              34.394038
            ],
            [
              132.446287,
              34.394083
            ],
            [
              132.446294,
              34.394188
            ],
            [
              132.446314,
              34.394377
            ]
          ],
          [
            [
              132.446342,
              34.394331
            ],
            [
              132.446321,
              34.394073
            ],
            [
              132.446318,
              34.394043
            ],
            [
              132.446306,
              34.3939
            ],
            [
              132.4463,
              34.393821
            ],
            [
              132.446277,
              34.393592
            ],
            [
              132.44627,
              34.393516
            ],
            [
              132.446265,
              34.393472
            ],
            [
              132.446261,
              34.39344
            ],
            [
              132.446225,
              34.393179
            ],
            [
              132.446129,
              34.392575
            ],
            [
              132.446069,
              34.39228
            ],
            [
              132.446035,
              34.392143
            ],
            [
              132.446006,
              34.392006
            ],
            [
              132.445968,
              34.39183
            ],
            [
              132.445894,
              34.391518
            ],
            [
              132.445837,
              34.391277
            ],
            [
              132.445814,
              34.391189
            ],
            [
              132.445779,
              34.391078
            ],
            [
              132.445697,
              34.39082
            ],
            [
              132.445544,
              34.390394
            ],
            [
              132.44552,
              34.39034
            ],
            [
              132.445477,
              34.39024
            ],
            [
              132.445443,
              34.390163
            ],
            [
              132.44534,
              34.389925
            ],
            [
              132.445199,
              34.389651
            ],
            [
              132.444976,
              34.389258
            ],
            [
              132.444921,
              34.389162
            ],
            [
              132.444869,
              34.389071
            ],
            [
              132.444794,
              34.388938
            ],
            [
              132.444417,
              34.388337
            ],
            [
              132.444363,
              34.38825
            ],
            [
              132.44431,
              34.388167
            ],
            [
              132.443675,
              34.387153
            ],
            [
              132.443639,
              34.387096
            ],
            [
              132.44323,
              34.386442
            ],
            [
              132.443141,
              34.386301
            ],
            [
              132.44306,
              34.386172
            ],
            [
              132.442988,
              34.386057
            ],
            [
              132.442699,
              34.385596
            ],
            [
              132.442645,
              34.38551
            ],
            [
              132.442589,
              34.38542
            ],
            [
              132.442527,
              34.385322
            ],
            [
              132.442133,
              34.384703
            ],
            [
              132.442095,
              34.384643
            ],
            [
              132.442064,
              34.384594
            ],
            [
              132.44201,
              34.38451
            ],
            [
              132.441028,
              34.382929
            ],
            [
              132.440664,
              34.382344
            ],
            [
              132.440405,
              34.381897
            ],
            [
              132.439643,
              34.380475
            ],
            [
              132.439369,
              34.379956
            ],
            [
              132.439098,
              34.379453
            ],
            [
              132.438878,
              34.379041
            ],
            [
              132.438696,
              34.378608
            ],
            [
              132.437448,
              34.375563
            ],
            [
              132.437308,
              34.375222
            ],
            [
              132.437259,
              34.3751
            ],
            [
              132.436574,
              34.37343
            ],
            [
              132.43632,
              34.372808
            ],
            [
              132.436296,
              34.372766
            ],
            [
              132.436273,
              34.372725
            ],
            [
              132.436227,
              34.372662
            ],
            [
              132.436155,
              34.372589
            ],
            [
              132.43609,
              34.372525
            ],
            [
              132.436025,
              34.372475
            ],
            [
              132.435976,
              34.372441
            ],
            [
              132.43587,
              34.372365
            ]
          ],
          [
            [
              132.435906,
              34.372429
            ],
            [
              132.435956,
              34.372463
            ],
            [
              132.435984,
              34.372482
            ],
            [
              132.436065,
              34.372543
            ],
            [
              132.436137,
              34.372608
            ],
            [
              132.43621,
              34.372691
            ],
            [
              132.436253,
              34.372754
            ],
            [
              132.436264,
              34.372774
            ],
            [
              132.436291,
              34.372826
            ],
            [
              132.436543,
              34.373439
            ],
            [
              132.437279,
              34.37523
            ],
            [
              132.43742,
              34.375571
            ],
            [
              132.437484,
              34.375728
            ],
            [
              132.438665,
              34.378619
            ],
            [
              132.438849,
              34.379052
            ],
            [
              132.439068,
              34.379467
            ],
            [
              132.439342,
              34.379968
            ],
            [
              132.439467,
              34.380208
            ],
            [
              132.43951,
              34.380289
            ],
            [
              132.439551,
              34.380368
            ],
            [
              132.439605,
              34.380471
            ],
            [
              132.440071,
              34.381345
            ],
            [
              132.440149,
              34.381492
            ],
            [
              132.440219,
              34.381623
            ],
            [
              132.440373,
              34.381912
            ],
            [
              132.440575,
              34.382262
            ],
            [
              132.440613,
              34.382328
            ],
            [
              132.440629,
              34.382357
            ],
            [
              132.440652,
              34.382394
            ],
            [
              132.441051,
              34.383032
            ],
            [
              132.441101,
              34.383113
            ],
            [
              132.441158,
              34.383204
            ],
            [
              132.441211,
              34.383288
            ],
            [
              132.441542,
              34.383824
            ],
            [
              132.44157,
              34.383868
            ],
            [
              132.441608,
              34.38393
            ],
            [
              132.441662,
              34.384017
            ],
            [
              132.441979,
              34.384529
            ],
            [
              132.44203,
              34.384609
            ],
            [
              132.442061,
              34.384658
            ],
            [
              132.442099,
              34.384717
            ],
            [
              132.442555,
              34.385435
            ],
            [
              132.442612,
              34.385525
            ],
            [
              132.442667,
              34.38561
            ],
            [
              132.442762,
              34.385761
            ],
            [
              132.442956,
              34.38607
            ],
            [
              132.443028,
              34.386184
            ],
            [
              132.443108,
              34.386312
            ],
            [
              132.443197,
              34.386454
            ],
            [
              132.443608,
              34.38711
            ],
            [
              132.443644,
              34.387167
            ],
            [
              132.444279,
              34.38818
            ],
            [
              132.444331,
              34.388263
            ],
            [
              132.444386,
              34.38835
            ],
            [
              132.44476,
              34.388947
            ],
            [
              132.444838,
              34.389083
            ],
            [
              132.44489,
              34.389173
            ],
            [
              132.444945,
              34.38927
            ],
            [
              132.445009,
              34.38938
            ],
            [
              132.445173,
              34.389665
            ]
          ],
          [
            [
              132.435582,
              34.372196
            ],
            [
              132.435752,
              34.372315
            ]
          ],
          [
            [
              132.435752,
              34.372315
            ],
            [
              132.435906,
              34.372429
            ]
          ],
          [
            [
              132.446255,
              34.39373
            ],
            [
              132.446277,
              34.393592
            ]
          ]
        ]
      },
      "properties": {
        "name": "広島電鉄江波線",
        "operator": "広島電鉄",
        "osm_ways": 7
      }
    },
    {
      "type": "Feature",
      "id": "hd-4",
      "geometry": {
        "type": "MultiLineString",
        "coordinates": [
          [
            [
              132.450474,
              34.409524
            ],
            [
              132.45058,
              34.409671
            ]
          ],
          [
            [
              132.446935,
              34.397162
            ],
            [
              132.446999,
              34.397348
            ],
            [
              132.447018,
              34.397404
            ],
            [
              132.447107,
              34.397674
            ],
            [
              132.447115,
              34.397698
            ]
          ],
          [
            [
              132.449569,
              34.405278
            ],
            [
              132.449577,
              34.405309
            ],
            [
              132.449714,
              34.405877
            ]
          ],
          [
            [
              132.449714,
              34.405877
            ],
            [
              132.449749,
              34.405991
            ],
            [
              132.449773,
              34.406092
            ],
            [
              132.4498,
              34.40621
            ],
            [
              132.449827,
              34.406325
            ],
            [
              132.449887,
              34.406732
            ],
            [
              132.449912,
              34.406904
            ],
            [
              132.449917,
              34.406941
            ],
            [
              132.449984,
              34.407436
            ],
            [
              132.450004,
              34.407592
            ],
            [
              132.450015,
              34.407678
            ],
            [
              132.450031,
              34.4078
            ],
            [
              132.450143,
              34.408719
            ]
          ],
          [
            [
              132.447115,
              34.397698
            ],
            [
              132.447169,
              34.39786
            ],
            [
              132.447245,
              34.398084
            ],
            [
              132.447314,
              34.39828
            ],
            [
              132.447385,
              34.398473
            ],
            [
              132.44749,
              34.398768
            ],
            [
              132.447517,
              34.398847
            ],
            [
              132.447556,
              34.398961
            ],
            [
              132.447585,
              34.399047
            ],
            [
              132.447657,
              34.399268
            ],
            [
              132.447725,
              34.399492
            ],
            [
              132.447777,
              34.399673
            ],
            [
              132.447801,
              34.399757
            ],
            [
              132.447905,
              34.400142
            ],
            [
              132.448066,
              34.400783
            ],
            [
              132.448108,
              34.400952
            ],
            [
              132.44816,
              34.401147
            ],
            [
              132.448209,
              34.401325
            ],
            [
              132.448269,
              34.401517
            ],
            [
              132.448537,
              34.4024
            ],
            [
              132.448562,
              34.402482
            ],
            [
              132.448613,
              34.402647
            ],
            [
              132.448872,
              34.403481
            ],
            [
              132.448933,
              34.403637
            ],
            [
              132.449028,
              34.403856
            ],
            [
              132.449128,
              34.404063
            ],
            [
              132.449192,
              34.404184
            ],
            [
              132.449257,
              34.404326
            ],
            [
              132.449328,
              34.40448
            ],
            [
              132.449449,
              34.404818
            ],
            [
              132.4495,
              34.404996
            ],
            [
              132.449545,
              34.405174
            ],
            [
              132.449569,
              34.405278
            ]
          ],
          [
            [
              132.450654,
              34.409634
            ],
            [
              132.450549,
              34.40949
            ]
          ],
          [
            [
              132.449601,
              34.405273
            ],
            [
              132.449579,
              34.405183
            ],
            [
              132.449533,
              34.404998
            ],
            [
              132.44948,
              34.404813
            ],
            [
              132.449357,
              34.404473
            ],
            [
              132.449323,
              34.404394
            ],
            [
              132.449287,
              34.404317
            ],
            [
              132.449219,
              34.404174
            ],
            [
              132.449158,
              34.404054
            ],
            [
              132.449053,
              34.403846
            ],
            [
              132.448961,
              34.403626
            ],
            [
              132.448899,
              34.403469
            ],
            [
              132.448643,
              34.40264
            ],
            [
              132.448592,
              34.402475
            ],
            [
              132.448567,
              34.402393
            ],
            [
              132.448298,
              34.40151
            ],
            [
              132.448241,
              34.401319
            ],
            [
              132.448191,
              34.401141
            ],
            [
              132.448138,
              34.400947
            ],
            [
              132.448095,
              34.400775
            ],
            [
              132.447936,
              34.400136
            ],
            [
              132.447832,
              34.399751
            ],
            [
              132.447809,
              34.399667
            ],
            [
              132.447755,
              34.399485
            ],
            [
              132.447687,
              34.399262
            ],
            [
              132.447616,
              34.39904
            ],
            [
              132.447587,
              34.398955
            ],
            [
              132.447549,
              34.39884
            ],
            [
              132.44752,
              34.398761
            ],
            [
              132.447415,
              34.398464
            ],
            [
              132.447343,
              34.39827
            ],
            [
              132.447278,
              34.398076
            ],
            [
              132.447159,
              34.39772
            ]
          ],
          [
            [
              132.449746,
              34.405872
            ],
            [
              132.449608,
              34.405304
            ],
            [
              132.449601,
              34.405273
            ]
          ],
          [
            [
              132.447159,
              34.39772
            ],
            [
              132.447141,
              34.397666
            ],
            [
              132.447108,
              34.397564
            ],
            [
              132.44706,
              34.397422
            ],
            [
              132.447034,
              34.397341
            ],
            [
              132.447017,
              34.397292
            ],
            [
              132.446966,
              34.397143
            ]
          ],
          [
            [
              132.45018,
              34.408715
            ],
            [
              132.450066,
              34.407797
            ],
            [
              132.45005,
              34.407673
            ],
            [
              132.450038,
              34.407589
            ],
            [
              132.450018,
              34.407434
            ],
            [
              132.44995,
              34.406939
            ],
            [
              132.449945,
              34.406899
            ],
            [
              132.449922,
              34.406739
            ],
            [
              132.449864,
              34.406321
            ],
            [
              132.449835,
              34.406202
            ],
            [
              132.449806,
              34.406078
            ],
            [
              132.449783,
              34.405985
            ],
            [
              132.449746,
              34.405872
            ]
          ],
          [
            [
              132.450143,
              34.408719
            ],
            [
              132.450173,
              34.408927
            ],
            [
              132.450185,
              34.409018
            ],
            [
              132.450194,
              34.409059
            ],
            [
              132.450208,
              34.409107
            ],
            [
              132.450227,
              34.409155
            ],
            [
              132.450237,
              34.409182
            ],
            [
              132.450251,
              34.409208
            ],
            [
              132.450295,
              34.409282
            ],
            [
              132.450355,
              34.40936
            ],
            [
              132.450363,
              34.409371
            ],
            [
              132.450474,
              34.409524
            ]
          ],
          [
            [
              132.450549,
              34.40949
            ],
            [
              132.450455,
              34.409361
            ],
            [
              132.450349,
              34.409215
            ],
            [
              132.450314,
              34.409167
            ],
            [
              132.450263,
              34.409098
            ],
            [
              132.450248,
              34.409075
            ],
            [
              132.450236,
              34.409052
            ],
            [
              132.450228,
              34.409034
            ],
            [
              132.450223,
              34.409014
            ],
            [
              132.450217,
              34.408991
            ],
            [
              132.450208,
              34.408924
            ],
            [
              132.45018,
              34.408715
            ]
          ]
        ]
      },
      "properties": {
        "name": "広島電鉄横川線",
        "operator": "広島電鉄",
        "osm_ways": 12
      }
    },
    {
      "type": "Feature",
      "id": "hd-5",
      "geometry": {
        "type": "MultiLineString",
        "coordinates": [
          [
            [
              132.475136,
              34.393135
            ],
            [
              132.475249,
              34.392921
            ],
            [
              132.47546,
              34.392543
            ],
            [
              132.475982,
              34.391607
            ],
            [
              132.475988,
              34.391596
            ],
            [
              132.475999,
              34.391578
            ],
            [
              132.476017,
              34.391534
            ],
            [
              132.476027,
              34.391488
            ],
            [
              132.476027,
              34.391441
            ],
            [
              132.476019,
              34.391394
            ],
            [
              132.476012,
              34.391379
            ],
            [
              132.476001,
              34.391351
            ],
            [
              132.475976,
              34.391311
            ],
            [
              132.475943,
              34.391274
            ],
            [
              132.475903,
              34.391243
            ],
            [
              132.475882,
              34.391231
            ],
            [
              132.475836,
              34.391205
            ],
            [
              132.475476,
              34.391028
            ],
            [
              132.47414,
              34.390367
            ],
            [
              132.474071,
              34.390334
            ],
            [
              132.473984,
              34.39029
            ],
            [
              132.473937,
              34.390267
            ],
            [
              132.47387,
              34.390228
            ],
            [
              132.473845,
              34.390212
            ],
            [
              132.473808,
              34.390187
            ],
            [
              132.473766,
              34.390152
            ],
            [
              132.473755,
              34.390143
            ],
            [
              132.473684,
              34.390072
            ],
            [
              132.472955,
              34.389276
            ],
            [
              132.472914,
              34.389232
            ],
            [
              132.472188,
              34.388439
            ],
            [
              132.471975,
              34.388207
            ],
            [
              132.47189,
              34.388115
            ],
            [
              132.471827,
              34.388046
            ],
            [
              132.471799,
              34.388017
            ],
            [
              132.471773,
              34.387988
            ]
          ],
          [
            [
              132.475102,
              34.393123
            ],
            [
              132.475074,
              34.393163
            ],
            [
              132.47502,
              34.393204
            ],
            [
              132.47497,
              34.39323
            ],
            [
              132.474941,
              34.393239
            ],
            [
              132.4749,
              34.393248
            ],
            [
              132.47485,
              34.393249
            ],
            [
              132.474798,
              34.393246
            ],
            [
              132.474755,
              34.393236
            ],
            [
              132.474716,
              34.393225
            ],
            [
              132.474513,
              34.393148
            ],
            [
              132.474323,
              34.393076
            ],
            [
              132.474243,
              34.393048
            ],
            [
              132.474162,
              34.393028
            ],
            [
              132.474084,
              34.393012
            ],
            [
              132.473488,
              34.392899
            ],
            [
              132.473388,
              34.392881
            ],
            [
              132.472468,
              34.392707
            ],
            [
              132.472205,
              34.392657
            ],
            [
              132.471993,
              34.392616
            ],
            [
              132.471961,
              34.392609
            ],
            [
              132.471917,
              34.392601
            ],
            [
              132.4718,
              34.392577
            ],
            [
              132.471754,
              34.392569
            ],
            [
              132.471697,
              34.392563
            ],
            [
              132.471639,
              34.39256
            ],
            [
              132.471588,
              34.392562
            ],
            [
              132.471523,
              34.392569
            ],
            [
              132.471459,
              34.392578
            ],
            [
              132.471406,
              34.392587
            ]
          ],
          [
            [
              132.471413,
              34.392617
            ],
            [
              132.471443,
              34.392613
            ],
            [
              132.471544,
              34.392599
            ],
            [
              132.471593,
              34.392594
            ],
            [
              132.471645,
              34.392592
            ],
            [
              132.471654,
              34.392592
            ],
            [
              132.471711,
              34.392596
            ],
            [
              132.471767,
              34.392603
            ],
            [
              132.471814,
              34.392611
            ],
            [
              132.471926,
              34.392633
            ],
            [
              132.471956,
              34.392639
            ],
            [
              132.471982,
              34.392643
            ],
            [
              132.472202,
              34.392685
            ],
            [
              132.47338,
              34.392908
            ],
            [
              132.473481,
              34.392925
            ],
            [
              132.474079,
              34.393038
            ],
            [
              132.474157,
              34.393054
            ],
            [
              132.474229,
              34.393074
            ],
            [
              132.474301,
              34.393102
            ],
            [
              132.474584,
              34.393205
            ],
            [
              132.47474,
              34.393266
            ]
          ],
          [
            [
              132.471736,
              34.387991
            ],
            [
              132.471774,
              34.388032
            ],
            [
              132.471794,
              34.388053
            ],
            [
              132.471823,
              34.388084
            ],
            [
              132.471893,
              34.388159
            ],
            [
              132.471953,
              34.388221
            ],
            [
              132.472162,
              34.388455
            ],
            [
              132.472888,
              34.389248
            ],
            [
              132.47293,
              34.389292
            ],
            [
              132.473657,
              34.390088
            ],
            [
              132.473728,
              34.390163
            ],
            [
              132.473745,
              34.390178
            ],
            [
              132.473789,
              34.390214
            ],
            [
              132.473827,
              34.390242
            ],
            [
              132.47385,
              34.390254
            ],
            [
              132.473919,
              34.390292
            ],
            [
              132.473966,
              34.390314
            ],
            [
              132.474055,
              34.390358
            ],
            [
              132.475459,
              34.391052
            ],
            [
              132.475784,
              34.391211
            ],
            [
              132.475838,
              34.39124
            ],
            [
              132.475862,
              34.391256
            ],
            [
              132.475889,
              34.391275
            ],
            [
              132.47592,
              34.391305
            ],
            [
              132.475946,
              34.391338
            ],
            [
              132.47595,
              34.391346
            ],
            [
              132.475966,
              34.391374
            ],
            [
              132.475979,
              34.391413
            ],
            [
              132.47598,
              34.391424
            ],
            [
              132.475985,
              34.39145
            ],
            [
              132.475985,
              34.391487
            ],
            [
              132.475979,
              34.391524
            ],
            [
              132.475966,
              34.39156
            ],
            [
              132.475958,
              34.391584
            ],
            [
              132.475942,
              34.391611
            ],
            [
              132.475355,
              34.392664
            ],
            [
              132.475162,
              34.39301
            ],
            [
              132.475102,
              34.393123
            ]
          ],
          [
            [
              132.47474,
              34.393266
            ],
            [
              132.4748,
              34.393284
            ],
            [
              132.474851,
              34.393292
            ],
            [
              132.474907,
              34.393289
            ],
            [
              132.47495,
              34.393285
            ],
            [
              132.474971,
              34.393282
            ],
            [
              132.475015,
              34.393259
            ],
            [
              132.475063,
              34.393228
            ],
            [
              132.475103,
              34.39319
            ],
            [
              132.475136,
              34.393135
            ]
          ]
        ]
      },
      "properties": {
        "name": "広島電鉄循環線",
        "operator": "広島電鉄",
        "osm_ways": 5
      }
    },
    {
      "type": "Feature",
      "id": "hd-6",
      "geometry": {
        "type": "MultiLineString",
        "coordinates": [
          [
            [
              132.464625,
              34.374302
            ],
            [
              132.464628,
              34.374309
            ],
            [
              132.464693,
              34.374451
            ],
            [
              132.465272,
              34.375814
            ],
            [
              132.465296,
              34.375872
            ],
            [
              132.465628,
              34.376646
            ],
            [
              132.465644,
              34.376684
            ],
            [
              132.465673,
              34.376753
            ],
            [
              132.4657,
              34.376815
            ],
            [
              132.465992,
              34.37752
            ],
            [
              132.466047,
              34.377642
            ],
            [
              132.466064,
              34.377685
            ],
            [
              132.466086,
              34.377738
            ],
            [
              132.466134,
              34.377854
            ],
            [
              132.466399,
              34.378639
            ],
            [
              132.466418,
              34.378696
            ],
            [
              132.466442,
              34.378772
            ],
            [
              132.466669,
              34.379468
            ],
            [
              132.466696,
              34.379536
            ],
            [
              132.466716,
              34.379588
            ],
            [
              132.466744,
              34.379659
            ],
            [
              132.466752,
              34.379679
            ],
            [
              132.467155,
              34.380625
            ],
            [
              132.46721,
              34.380754
            ],
            [
              132.467274,
              34.380905
            ],
            [
              132.467333,
              34.381045
            ],
            [
              132.467405,
              34.381213
            ],
            [
              132.467834,
              34.382201
            ],
            [
              132.467881,
              34.382294
            ],
            [
              132.467919,
              34.38237
            ],
            [
              132.468051,
              34.382538
            ],
            [
              132.468129,
              34.382633
            ],
            [
              132.468253,
              34.382782
            ],
            [
              132.46848,
              34.383056
            ],
            [
              132.468563,
              34.383157
            ],
            [
              132.468692,
              34.383313
            ],
            [
              132.468977,
              34.383663
            ],
            [
              132.469063,
              34.383791
            ],
            [
              132.470078,
              34.38533
            ],
            [
              132.470157,
              34.385463
            ],
            [
              132.470237,
              34.385598
            ],
            [
              132.470284,
              34.385679
            ],
            [
              132.470351,
              34.385792
            ],
            [
              132.470736,
              34.386469
            ],
            [
              132.47097,
              34.386872
            ],
            [
              132.471049,
              34.387006
            ],
            [
              132.471095,
              34.387081
            ],
            [
              132.471154,
              34.387181
            ],
            [
              132.471322,
              34.387464
            ],
            [
              132.471375,
              34.387558
            ],
            [
              132.471433,
              34.38765
            ],
            [
              132.47149,
              34.387723
            ],
            [
              132.471553,
              34.387793
            ],
            [
              132.471656,
              34.387904
            ],
            [
              132.471736,
              34.387991
            ]
          ],
          [
            [
              132.471736,
              34.387991
            ],
            [
              132.471768,
              34.388036
            ],
            [
              132.471779,
              34.388052
            ],
            [
              132.471793,
              34.388085
            ],
            [
              132.4718,
              34.388115
            ],
            [
              132.471802,
              34.388134
            ],
            [
              132.471801,
              34.388174
            ],
            [
              132.471751,
              34.388361
            ],
            [
              132.471531,
              34.389197
            ],
            [
              132.471498,
              34.389323
            ],
            [
              132.471486,
              34.38937
            ],
            [
              132.471464,
              34.389449
            ],
            [
              132.471214,
              34.390377
            ],
            [
              132.4712,
              34.390427
            ],
            [
              132.471174,
              34.390521
            ],
            [
              132.471153,
              34.3906
            ],
            [
              132.47115,
              34.390626
            ],
            [
              132.471148,
              34.39064
            ],
            [
              132.471148,
              34.39065
            ],
            [
              132.471148,
              34.39068
            ],
            [
              132.471157,
              34.390734
            ],
            [
              132.471159,
              34.390745
            ],
            [
              132.471178,
              34.390809
            ],
            [
              132.471217,
              34.390929
            ],
            [
              132.471222,
              34.390945
            ],
            [
              132.471274,
              34.391108
            ],
            [
              132.471625,
              34.392196
            ],
            [
              132.471688,
              34.392384
            ],
            [
              132.471702,
              34.392432
            ],
            [
              132.471736,
              34.392524
            ],
            [
              132.471754,
              34.392569
            ],
            [
              132.471767,
              34.392603
            ],
            [
              132.471802,
              34.392674
            ],
            [
              132.47181,
              34.392692
            ],
            [
              132.471843,
              34.392758
            ],
            [
              132.4719,
              34.392845
            ]
          ],
          [
            [
              132.47194,
              34.392837
            ],
            [
              132.471899,
              34.392775
            ],
            [
              132.471867,
              34.392716
            ],
            [
              132.471856,
              34.392694
            ],
            [
              132.471814,
              34.392611
            ],
            [
              132.4718,
              34.392577
            ],
            [
              132.47178,
              34.392529
            ],
            [
              132.471742,
              34.392432
            ],
            [
              132.471726,
              34.392382
            ],
            [
              132.471261,
              34.390945
            ],
            [
              132.471253,
              34.390921
            ],
            [
              132.471215,
              34.390807
            ],
            [
              132.471197,
              34.390737
            ],
            [
              132.471196,
              34.390729
            ],
            [
              132.471186,
              34.39067
            ],
            [
              132.471185,
              34.390633
            ],
            [
              132.47119,
              34.390598
            ],
            [
              132.471194,
              34.390581
            ],
            [
              132.471206,
              34.390528
            ],
            [
              132.471231,
              34.390437
            ],
            [
              132.471244,
              34.390387
            ],
            [
              132.471277,
              34.390251
            ],
            [
              132.471282,
              34.390234
            ],
            [
              132.471498,
              34.389455
            ],
            [
              132.471523,
              34.389365
            ],
            [
              132.471532,
              34.38933
            ],
            [
              132.471566,
              34.389203
            ],
            [
              132.471782,
              34.388381
            ],
            [
              132.471828,
              34.388194
            ],
            [
              132.471831,
              34.388167
            ],
            [
              132.471832,
              34.38815
            ],
            [
              132.471832,
              34.388129
            ],
            [
              132.471823,
              34.388084
            ],
            [
              132.471814,
              34.388058
            ],
            [
              132.471806,
              34.388038
            ],
            [
              132.471795,
              34.388019
            ],
            [
              132.471773,
              34.387988
            ]
          ]
        ]
      },
      "properties": {
        "name": "広島電鉄皆実線",
        "operator": "広島電鉄",
        "osm_ways": 3
      }
    },
    {
      "type": "Feature",
      "id": "hd-7",
      "geometry": {
        "type": "MultiLineString",
        "coordinates": [
          [
            [
              132.465642,
              34.404066
            ],
            [
              132.465812,
              34.403548
            ],
            [
              132.465878,
              34.403359
            ],
            [
              132.465905,
              34.403279
            ],
            [
              132.465938,
              34.403179
            ],
            [
              132.465961,
              34.403109
            ],
            [
              132.465983,
              34.403039
            ],
            [
              132.466025,
              34.402864
            ],
            [
              132.466051,
              34.40269
            ],
            [
              132.466069,
              34.402344
            ],
            [
              132.46607,
              34.402318
            ],
            [
              132.466063,
              34.402243
            ],
            [
              132.466056,
              34.402172
            ],
            [
              132.466047,
              34.402069
            ],
            [
              132.466002,
              34.401878
            ],
            [
              132.46592,
              34.401577
            ],
            [
              132.465458,
              34.400092
            ],
            [
              132.465431,
              34.400006
            ],
            [
              132.465379,
              34.399836
            ],
            [
              132.465352,
              34.399748
            ],
            [
              132.46515,
              34.399084
            ],
            [
              132.465119,
              34.398981
            ],
            [
              132.465083,
              34.398863
            ],
            [
              132.464822,
              34.398008
            ],
            [
              132.464777,
              34.397861
            ],
            [
              132.464756,
              34.397791
            ],
            [
              132.464715,
              34.397658
            ],
            [
              132.464685,
              34.397557
            ],
            [
              132.464453,
              34.396811
            ],
            [
              132.464426,
              34.39672
            ],
            [
              132.464404,
              34.396648
            ],
            [
              132.464213,
              34.396023
            ],
            [
              132.464188,
              34.395943
            ],
            [
              132.464165,
              34.395865
            ],
            [
              132.464083,
              34.395598
            ],
            [
              132.464059,
              34.395521
            ],
            [
              132.464034,
              34.39544
            ],
            [
              132.463932,
              34.395093
            ],
            [
              132.46372,
              34.394404
            ]
          ],
          [
            [
              132.46372,
              34.394404
            ],
            [
              132.463701,
              34.394344
            ],
            [
              132.463643,
              34.394153
            ]
          ],
          [
            [
              132.465556,
              34.404308
            ],
            [
              132.46559,
              34.404214
            ]
          ],
          [
            [
              132.463643,
              34.394153
            ],
            [
              132.463619,
              34.394071
            ],
            [
              132.463604,
              34.394035
            ],
            [
              132.463602,
              34.39403
            ],
            [
              132.463593,
              34.394012
            ],
            [
              132.463577,
              34.393984
            ],
            [
              132.463557,
              34.393959
            ],
            [
              132.46353,
              34.393934
            ],
            [
              132.463486,
              34.3939
            ],
            [
              132.463459,
              34.393887
            ],
            [
              132.463437,
              34.393877
            ],
            [
              132.463389,
              34.393861
            ],
            [
              132.463338,
              34.393851
            ],
            [
              132.463286,
              34.393849
            ],
            [
              132.463237,
              34.393852
            ],
            [
              132.463186,
              34.39386
            ]
          ],
          [
            [
              132.463736,
              34.394567
            ],
            [
              132.463899,
              34.395102
            ],
            [
              132.464004,
              34.395447
            ],
            [
              132.464029,
              34.395528
            ],
            [
              132.464053,
              34.395604
            ],
            [
              132.464134,
              34.395871
            ],
            [
              132.464158,
              34.39595
            ],
            [
              132.464183,
              34.396029
            ],
            [
              132.464372,
              34.396655
            ],
            [
              132.464394,
              34.396727
            ],
            [
              132.464421,
              34.396818
            ],
            [
              132.464684,
              34.397665
            ],
            [
              132.464725,
              34.397799
            ],
            [
              132.464746,
              34.397868
            ],
            [
              132.464791,
              34.398016
            ],
            [
              132.464815,
              34.398095
            ],
            [
              132.465052,
              34.39887
            ],
            [
              132.465088,
              34.398988
            ],
            [
              132.465119,
              34.39909
            ],
            [
              132.4653,
              34.399684
            ],
            [
              132.465321,
              34.399755
            ],
            [
              132.465355,
              34.399865
            ],
            [
              132.4654,
              34.400013
            ],
            [
              132.465882,
              34.401585
            ],
            [
              132.465971,
              34.401882
            ],
            [
              132.466016,
              34.402073
            ],
            [
              132.466028,
              34.402175
            ],
            [
              132.466036,
              34.402253
            ],
            [
              132.466044,
              34.402319
            ],
            [
              132.466042,
              34.40235
            ],
            [
              132.466018,
              34.402688
            ],
            [
              132.465991,
              34.402862
            ],
            [
              132.46595,
              34.403037
            ],
            [
              132.465932,
              34.403103
            ],
            [
              132.465908,
              34.403172
            ],
            [
              132.465886,
              34.40324
            ],
            [
              132.465838,
              34.403379
            ],
            [
              132.465782,
              34.403541
            ],
            [
              132.465652,
              34.403939
            ],
            [
              132.465642,
              34.404066
            ]
          ],
          [
            [
              132.46559,
              34.404214
            ],
            [
              132.465642,
              34.404066
            ]
          ]
        ]
      },
      "properties": {
        "name": "広島電鉄白島線",
        "operator": "広島電鉄",
        "name_en": "Hiroden Hakushima Line",
        "osm_ways": 6
      }
    }
  ]
}
